dist,from,to
0.000001,C1,thermophil
0.008327,C1,C7a
0.000001,C1,C90
0.001306,C1,C91
0.003942,C1,C15
0.048269,C1,H1
0.048005,C1,H1a
0.053253,C1,H_1678J
0.048222,C1,H_751
0.047977,C1,H_1286x
0.060728,C1,P1C4_Heron
0.117103,C1,F2
0.121232,C1,F2a
0.132777,C1,F_1335J
0.132883,C1,F_1320J
0.109944,C1,F3.2
0.11249,C1,F3.1a
0.108044,C1,F_5243X
0.108044,C1,F_5244x
0.108767,C1,F_1635
0.110475,C1,F_188X
0.120151,C1,P1G6_Heron
0.108601,C1,P2D2_Heron
0.122389,C1,F4.1
0.124047,C1,F4.8
0.121915,C1,F_1334X
0.12184,C1,F_1628X
0.122315,C1,F_836J
0.115946,C1,F_1349X
0.140246,C1,kawagutii
0.134875,C1,F5.1
0.132288,C1,F5.1d
0.136168,C1,F1
0.133568,C1,F5.2g
0.14038,C1,F_i971X
0.160221,C1,minutum
0.160221,C1,antillogor
0.157714,C1,pseudomin
0.157714,C1,endomadra
0.140833,C1,psygmophil
0.150615,C1,aenigmatic
0.181859,C1,i1
0.181004,C1,i2
0.241383,C1,glynnii
0.235621,C1,D1a
0.246075,C1,D8
0.241383,C1,D15
0.206001,C1,D1.1
0.200815,C1,D1.2
0.336677,C1,G2
0.329186,C1,G2b
0.321005,C1,endoclio
0.321739,C1,spongiol
0.315097,C1,E1
0.312164,C1,voratum
0.359085,C1,microadria
0.337506,C1,pilosum
0.36301,C1,CCMP_832
0.355294,C1,CCMP_2469
0.330542,C1,A2
0.337205,C1,A13
0.3357,C1,A2b
0.347357,C1,A3
0.40151,C1,Psimplex
0.008312,thermophil,C7a
0.000001,thermophil,C90
0.001304,thermophil,C91
0.003935,thermophil,C15
0.048176,thermophil,H1
0.047912,thermophil,H1a
0.053149,thermophil,H_1678J
0.048129,thermophil,H_751
0.047885,thermophil,H_1286x
0.060618,thermophil,P1C4_Heron
0.116877,thermophil,F2
0.120998,thermophil,F2a
0.132516,thermophil,F_1335J
0.132623,thermophil,F_1320J
0.109729,thermophil,F3.2
0.112272,thermophil,F3.1a
0.107833,thermophil,F_5243X
0.107833,thermophil,F_5244x
0.108556,thermophil,F_1635
0.110261,thermophil,F_188X
0.119914,thermophil,P1G6_Heron
0.108388,thermophil,P2D2_Heron
0.122148,thermophil,F4.1
0.123803,thermophil,F4.8
0.121676,thermophil,F_1334X
0.121601,thermophil,F_1628X
0.122075,thermophil,F_836J
0.115719,thermophil,F_1349X
0.139965,thermophil,kawagutii
0.134609,thermophil,F5.1
0.132027,thermophil,F5.1d
0.135896,thermophil,F1
0.133302,thermophil,F5.2g
0.140099,thermophil,F_i971X
0.159875,thermophil,minutum
0.159875,thermophil,antillogor
0.157374,thermophil,pseudomin
0.157374,thermophil,endomadra
0.140547,thermophil,psygmophil
0.150291,thermophil,aenigmatic
0.181479,thermophil,i1
0.180627,thermophil,i2
0.240859,thermophil,glynnii
0.235115,thermophil,D1a
0.245519,thermophil,D8
0.240859,thermophil,D15
0.205547,thermophil,D1.1
0.200372,thermophil,D1.2
0.335895,thermophil,G2
0.328423,thermophil,G2b
0.320265,thermophil,endoclio
0.320995,thermophil,spongiol
0.31439,thermophil,E1
0.311463,thermophil,voratum
0.358222,thermophil,microadria
0.336726,thermophil,pilosum
0.362133,thermophil,CCMP_832
0.354442,thermophil,CCMP_2469
0.329785,thermophil,A2
0.336436,thermophil,A13
0.334926,thermophil,A2b
0.346559,thermophil,A3
0.400535,thermophil,Psimplex
0.008312,C7a,C90
0.009727,C7a,C91
0.012582,C7a,C15
0.060186,C7a,H1
0.059848,C7a,H1a
0.065633,C7a,H_1678J
0.060064,C7a,H_751
0.059809,C7a,H_1286x
0.074642,C7a,P1C4_Heron
0.128292,C7a,F2
0.132771,C7a,F2a
0.14276,C7a,F_1335J
0.142865,C7a,F_1320J
0.126738,C7a,F3.2
0.125599,C7a,F3.1a
0.124668,C7a,F_5243X
0.124668,C7a,F_5244x
0.121576,C7a,F_1635
0.123402,C7a,F_188X
0.136303,C7a,P1G6_Heron
0.123672,C7a,P2D2_Heron
0.129576,C7a,F4.1
0.129171,C7a,F4.8
0.126849,C7a,F_1334X
0.12681,C7a,F_1628X
0.127288,C7a,F_836J
0.122663,C7a,F_1349X
0.15038,C7a,kawagutii
0.137997,C7a,F5.1
0.139553,C7a,F5.1d
0.146001,C7a,F1
0.143195,C7a,F5.2g
0.146072,C7a,F_i971X
0.170664,C7a,minutum
0.170664,C7a,antillogor
0.168083,C7a,pseudomin
0.168083,C7a,endomadra
0.15939,C7a,psygmophil
0.160789,C7a,aenigmatic
0.205378,C7a,i1
0.204377,C7a,i2
0.260873,C7a,glynnii
0.257543,C7a,D1a
0.257543,C7a,D8
0.260873,C7a,D15
0.225994,C7a,D1.1
0.220311,C7a,D1.2
0.370677,C7a,G2
0.362341,C7a,G2b
0.344808,C7a,endoclio
0.345682,C7a,spongiol
0.345983,C7a,E1
0.342768,C7a,voratum
0.369477,C7a,microadria
0.358477,C7a,pilosum
0.373544,C7a,CCMP_832
0.365599,C7a,CCMP_2469
0.358477,C7a,A2
0.365599,C7a,A13
0.36429,C7a,A2b
0.376944,C7a,A3
0.443393,C7a,Psimplex
0.001304,C90,C91
0.003935,C90,C15
0.048176,C90,H1
0.047912,C90,H1a
0.053149,C90,H_1678J
0.048129,C90,H_751
0.047885,C90,H_1286x
0.060618,C90,P1C4_Heron
0.116877,C90,F2
0.120998,C90,F2a
0.132516,C90,F_1335J
0.132623,C90,F_1320J
0.109729,C90,F3.2
0.112272,C90,F3.1a
0.107833,C90,F_5243X
0.107833,C90,F_5244x
0.108556,C90,F_1635
0.110261,C90,F_188X
0.119914,C90,P1G6_Heron
0.108388,C90,P2D2_Heron
0.122148,C90,F4.1
0.123803,C90,F4.8
0.121676,C90,F_1334X
0.121601,C90,F_1628X
0.122075,C90,F_836J
0.115719,C90,F_1349X
0.139965,C90,kawagutii
0.134609,C90,F5.1
0.132027,C90,F5.1d
0.135896,C90,F1
0.133302,C90,F5.2g
0.140099,C90,F_i971X
0.159875,C90,minutum
0.159875,C90,antillogor
0.157374,C90,pseudomin
0.157374,C90,endomadra
0.140547,C90,psygmophil
0.150291,C90,aenigmatic
0.181479,C90,i1
0.180627,C90,i2
0.240859,C90,glynnii
0.235115,C90,D1a
0.245519,C90,D8
0.240859,C90,D15
0.205547,C90,D1.1
0.200372,C90,D1.2
0.335895,C90,G2
0.328423,C90,G2b
0.320265,C90,endoclio
0.320995,C90,spongiol
0.31439,C90,E1
0.311463,C90,voratum
0.358222,C90,microadria
0.336726,C90,pilosum
0.362133,C90,CCMP_832
0.354442,C90,CCMP_2469
0.329785,C90,A2
0.336436,C90,A13
0.334926,C90,A2b
0.346559,C90,A3
0.400535,C90,Psimplex
0.002616,C91,C15
0.048176,C91,H1
0.047912,C91,H1a
0.053149,C91,H_1678J
0.048129,C91,H_751
0.047885,C91,H_1286x
0.058961,C91,P1C4_Heron
0.114855,C91,F2
0.11895,C91,F2a
0.13038,C91,F_1335J
0.130488,C91,F_1320J
0.107714,C91,F3.2
0.110261,C91,F3.1a
0.105828,C91,F_5243X
0.105828,C91,F_5244x
0.106563,C91,F_1635
0.108262,C91,F_188X
0.117831,C91,P1G6_Heron
0.106372,C91,P2D2_Heron
0.124295,C91,F4.1
0.125956,C91,F4.8
0.123813,C91,F_1334X
0.123736,C91,F_1628X
0.12422,C91,F_836J
0.115718,C91,F_1349X
0.137745,C91,kawagutii
0.132448,C91,F5.1
0.129881,C91,F5.1d
0.133702,C91,F1
0.131129,C91,F5.2g
0.137883,C91,F_i971X
0.162455,C91,minutum
0.162455,C91,antillogor
0.159936,C91,pseudomin
0.159936,C91,endomadra
0.142864,C91,psygmophil
0.152804,C91,aenigmatic
0.17895,C91,i1
0.178108,C91,i2
0.243934,C91,glynnii
0.238123,C91,D1a
0.248749,C91,D8
0.243934,C91,D15
0.202737,C91,D1.1
0.197591,C91,D1.2
0.335137,C91,G2
0.327674,C91,G2b
0.319528,C91,endoclio
0.320256,C91,spongiol
0.310952,C91,E1
0.30804,C91,voratum
0.357415,C91,microadria
0.33597,C91,pilosum
0.361317,C91,CCMP_832
0.35364,C91,CCMP_2469
0.329042,C91,A2
0.335691,C91,A13
0.334174,C91,A2b
0.345799,C91,A3
0.396364,C91,Psimplex
0.048176,C15,H1
0.047912,C15,H1a
0.053149,C15,H_1678J
0.048129,C15,H_751
0.047885,C15,H_1286x
0.058961,C15,P1C4_Heron
0.11895,C15,F2
0.123099,C15,F2a
0.134711,C15,F_1335J
0.134816,C15,F_1320J
0.107714,C15,F3.2
0.110261,C15,F3.1a
0.105828,C15,F_5243X
0.105828,C15,F_5244x
0.106563,C15,F_1635
0.108262,C15,F_188X
0.117831,C15,P1G6_Heron
0.106372,C15,P2D2_Heron
0.124295,C15,F4.1
0.125956,C15,F4.8
0.123813,C15,F_1334X
0.123736,C15,F_1628X
0.12422,C15,F_836J
0.115718,C15,F_1349X
0.142248,C15,kawagutii
0.136828,C15,F5.1
0.134232,C15,F5.1d
0.13815,C15,F1
0.135535,C15,F5.2g
0.142378,C15,F_i971X
0.162455,C15,minutum
0.162455,C15,antillogor
0.159936,C15,pseudomin
0.159936,C15,endomadra
0.142864,C15,psygmophil
0.152804,C15,aenigmatic
0.176436,C15,i1
0.175605,C15,i2
0.243934,C15,glynnii
0.238123,C15,D1a
0.248749,C15,D8
0.243934,C15,D15
0.202737,C15,D1.1
0.197591,C15,D1.2
0.335137,C15,G2
0.327674,C15,G2b
0.319528,C15,endoclio
0.320256,C15,spongiol
0.310952,C15,E1
0.30804,C15,voratum
0.357415,C15,microadria
0.33597,C15,pilosum
0.361317,C15,CCMP_832
0.35364,C15,CCMP_2469
0.329042,C15,A2
0.335691,C15,A13
0.334174,C15,A2b
0.345799,C15,A3
0.396364,C15,Psimplex
0.001377,H1,H1a
0.008399,H1,H_1678J
0.001384,H1,H_751
0.004155,H1,H_1286x
0.024919,H1,P1C4_Heron
0.12019,H1,F2
0.127368,H1,F2a
0.131317,H1,F_1335J
0.131317,H1,F_1320J
0.097029,H1,F3.2
0.101667,H1,F3.1a
0.09511,H1,F_5243X
0.09511,H1,F_5244x
0.097886,H1,F_1635
0.09769,H1,F_188X
0.10223,H1,P1G6_Heron
0.095889,H1,P2D2_Heron
0.118248,H1,F4.1
0.114088,H1,F4.8
0.111949,H1,F_1334X
0.11188,H1,F_1628X
0.112327,H1,F_836J
0.111484,H1,F_1349X
0.136886,H1,kawagutii
0.126711,H1,F5.1
0.120717,H1,F5.1d
0.132598,H1,F1
0.118939,H1,F5.2g
0.128334,H1,F_i971X
0.151045,H1,minutum
0.151045,H1,antillogor
0.148486,H1,pseudomin
0.148486,H1,endomadra
0.13611,H1,psygmophil
0.14578,H1,aenigmatic
0.170117,H1,i1
0.169267,H1,i2
0.209273,H1,glynnii
0.204027,H1,D1a
0.215258,H1,D8
0.209273,H1,D15
0.18599,H1,D1.1
0.185912,H1,D1.2
0.313043,H1,G2
0.305438,H1,G2b
0.260142,H1,endoclio
0.267576,H1,spongiol
0.303746,H1,E1
0.300669,H1,voratum
0.327537,H1,microadria
0.288717,H1,pilosum
0.341082,H1,CCMP_832
0.32374,H1,CCMP_2469
0.282407,H1,A2
0.30383,H1,A13
0.287131,H1,A2b
0.322809,H1,A3
0.370304,H1,Psimplex
0.006977,H1a,H_1678J
0.000001,H1a,H_751
0.002761,H1a,H_1286x
0.023376,H1a,P1C4_Heron
0.12052,H1a,F2
0.127717,H1a,F2a
0.131679,H1a,F_1335J
0.131679,H1a,F_1320J
0.096546,H1a,F3.2
0.101171,H1a,F3.1a
0.094634,H1a,F_5243X
0.094634,H1a,F_5244x
0.097404,H1a,F_1635
0.097209,H1a,F_188X
0.102516,H1a,P1G6_Heron
0.095407,H1a,P2D2_Heron
0.118574,H1a,F4.1
0.114403,H1a,F4.8
0.112259,H1a,F_1334X
0.112189,H1a,F_1628X
0.112638,H1a,F_836J
0.111791,H1a,F_1349X
0.136238,H1a,kawagutii
0.127067,H1a,F5.1
0.120131,H1a,F5.1d
0.131966,H1a,F1
0.118358,H1a,F5.2g
0.127716,H1a,F_i971X
0.151485,H1a,minutum
0.151485,H1a,antillogor
0.14892,H1a,pseudomin
0.14892,H1a,endomadra
0.136489,H1a,psygmophil
0.146206,H1a,aenigmatic
0.172734,H1a,i1
0.171871,H1a,i2
0.212132,H1a,glynnii
0.206826,H1a,D1a
0.218273,H1a,D8
0.212132,H1a,D15
0.188724,H1a,D1.1
0.188644,H1a,D1.2
0.309148,H1a,G2
0.301598,H1a,G2b
0.256676,H1a,endoclio
0.264043,H1a,spongiol
0.304491,H1a,E1
0.30141,H1a,voratum
0.328355,H1a,microadria
0.285082,H1a,pilosum
0.341923,H1a,CCMP_832
0.324552,H1a,CCMP_2469
0.278844,H1a,A2
0.304575,H1a,A13
0.283519,H1a,A2b
0.323584,H1a,A3
0.374531,H1a,Psimplex
0.005596,H_1678J,H_751
0.006974,H_1678J,H_1286x
0.027969,H_1678J,P1C4_Heron
0.129984,H_1678J,F2
0.137475,H_1678J,F2a
0.141657,H_1678J,F_1335J
0.141657,H_1678J,F_1320J
0.101125,H_1678J,F3.2
0.105786,H_1678J,F3.1a
0.099181,H_1678J,F_5243X
0.099181,H_1678J,F_5244x
0.101959,H_1678J,F_1635
0.101753,H_1678J,F_188X
0.107208,H_1678J,P1G6_Heron
0.09876,H_1678J,P2D2_Heron
0.120977,H_1678J,F4.1
0.114946,H_1678J,F4.8
0.11279,H_1678J,F_1334X
0.11272,H_1678J,F_1628X
0.111196,H_1678J,F_836J
0.112318,H_1678J,F_1349X
0.135157,H_1678J,kawagutii
0.126067,H_1678J,F5.1
0.119189,H_1678J,F5.1d
0.130921,H_1678J,F1
0.117427,H_1678J,F5.2g
0.126705,H_1678J,F_i971X
0.159504,H_1678J,minutum
0.159504,H_1678J,antillogor
0.156873,H_1678J,pseudomin
0.156873,H_1678J,endomadra
0.14371,H_1678J,psygmophil
0.154075,H_1678J,aenigmatic
0.172197,H_1678J,i1
0.171331,H_1678J,i2
0.217714,H_1678J,glynnii
0.212254,H_1678J,D1a
0.224203,H_1678J,D8
0.217714,H_1678J,D15
0.188274,H_1678J,D1.1
0.188193,H_1678J,D1.2
0.317952,H_1678J,G2
0.310243,H_1678J,G2b
0.270339,H_1678J,endoclio
0.277977,H_1678J,spongiol
0.298447,H_1678J,E1
0.295405,H_1678J,voratum
0.318481,H_1678J,microadria
0.281016,H_1678J,pilosum
0.331723,H_1678J,CCMP_832
0.314756,H_1678J,CCMP_2469
0.274872,H_1678J,A2
0.29562,H_1678J,A13
0.279482,H_1678J,A2b
0.314223,H_1678J,A3
0.384779,H_1678J,Psimplex
0.002774,H_751,H_1286x
0.023488,H_751,P1C4_Heron
0.121098,H_751,F2
0.128337,H_751,F2a
0.132325,H_751,F_1335J
0.132325,H_751,F_1320J
0.097006,H_751,F3.2
0.101649,H_751,F3.1a
0.095084,H_751,F_5243X
0.095084,H_751,F_5244x
0.097864,H_751,F_1635
0.097668,H_751,F_188X
0.103006,H_751,P1G6_Heron
0.095864,H_751,P2D2_Heron
0.119144,H_751,F4.1
0.114952,H_751,F4.8
0.112796,H_751,F_1334X
0.112726,H_751,F_1628X
0.112964,H_751,F_836J
0.112325,H_751,F_1349X
0.13692,H_751,kawagutii
0.127696,H_751,F5.1
0.120724,H_751,F5.1d
0.132625,H_751,F1
0.118944,H_751,F5.2g
0.128354,H_751,F_i971X
0.152064,H_751,minutum
0.152064,H_751,antillogor
0.149489,H_751,pseudomin
0.149489,H_751,endomadra
0.137171,H_751,psygmophil
0.146764,H_751,aenigmatic
0.171268,H_751,i1
0.170408,H_751,i2
0.210444,H_751,glynnii
0.205412,H_751,D1a
0.216448,H_751,D8
0.210444,H_751,D15
0.187266,H_751,D1.1
0.187187,H_751,D1.2
0.307918,H_751,G2
0.300354,H_751,G2b
0.257884,H_751,endoclio
0.265291,H_751,spongiol
0.305262,H_751,E1
0.302172,H_751,voratum
0.326437,H_751,microadria
0.283285,H_751,pilosum
0.339986,H_751,CCMP_832
0.322637,H_751,CCMP_2469
0.277436,H_751,A2
0.303177,H_751,A13
0.28211,H_751,A2b
0.322198,H_751,A3
0.375569,H_751,Psimplex
0.026451,H_1286x,P1C4_Heron
0.124807,H_1286x,F2
0.132118,H_1286x,F2a
0.136169,H_1286x,F_1335J
0.136169,H_1286x,F_1320J
0.096473,H_1286x,F3.2
0.101094,H_1286x,F3.1a
0.094563,H_1286x,F_5243X
0.094563,H_1286x,F_5244x
0.097331,H_1286x,F_1635
0.097137,H_1286x,F_188X
0.098529,H_1286x,P1G6_Heron
0.095335,H_1286x,P2D2_Heron
0.118477,H_1286x,F4.1
0.114311,H_1286x,F4.8
0.112169,H_1286x,F_1334X
0.1121,H_1286x,F_1628X
0.112548,H_1286x,F_836J
0.111702,H_1286x,F_1349X
0.136116,H_1286x,kawagutii
0.126956,H_1286x,F5.1
0.120029,H_1286x,F5.1d
0.131849,H_1286x,F1
0.118258,H_1286x,F5.2g
0.127605,H_1286x,F_i971X
0.156576,H_1286x,minutum
0.156576,H_1286x,antillogor
0.153975,H_1286x,pseudomin
0.153975,H_1286x,endomadra
0.141111,H_1286x,psygmophil
0.151216,H_1286x,aenigmatic
0.172558,H_1286x,i1
0.171698,H_1286x,i2
0.217761,H_1286x,glynnii
0.212338,H_1286x,D1a
0.224207,H_1286x,D8
0.217761,H_1286x,D15
0.188525,H_1286x,D1.1
0.188445,H_1286x,D1.2
0.30986,H_1286x,G2
0.302289,H_1286x,G2b
0.257234,H_1286x,endoclio
0.264624,H_1286x,spongiol
0.304111,H_1286x,E1
0.301034,H_1286x,voratum
0.327921,H_1286x,microadria
0.278641,H_1286x,pilosum
0.341467,H_1286x,CCMP_832
0.324123,H_1286x,CCMP_2469
0.272516,H_1286x,A2
0.304194,H_1286x,A13
0.277115,H_1286x,A2b
0.323175,H_1286x,A3
0.374039,H_1286x,Psimplex
0.120133,P1C4_Heron,F2
0.125899,P1C4_Heron,F2a
0.129528,P1C4_Heron,F_1335J
0.131441,P1C4_Heron,F_1320J
0.096744,P1C4_Heron,F3.2
0.10298,P1C4_Heron,F3.1a
0.094922,P1C4_Heron,F_5243X
0.094922,P1C4_Heron,F_5244x
0.099377,P1C4_Heron,F_1635
0.101042,P1C4_Heron,F_188X
0.10453,P1C4_Heron,P1G6_Heron
0.092639,P1C4_Heron,P2D2_Heron
0.135423,P1C4_Heron,F4.1
0.134008,P1C4_Heron,F4.8
0.131845,P1C4_Heron,F_1334X
0.131761,P1C4_Heron,F_1628X
0.132273,P1C4_Heron,F_836J
0.126734,P1C4_Heron,F_1349X
0.14951,P1C4_Heron,kawagutii
0.14476,P1C4_Heron,F5.1
0.131022,P1C4_Heron,F5.1d
0.145346,P1C4_Heron,F1
0.138534,P1C4_Heron,F5.2g
0.145414,P1C4_Heron,F_i971X
0.176181,P1C4_Heron,minutum
0.176181,P1C4_Heron,antillogor
0.173578,P1C4_Heron,pseudomin
0.173578,P1C4_Heron,endomadra
0.159661,P1C4_Heron,psygmophil
0.175705,P1C4_Heron,aenigmatic
0.173065,P1C4_Heron,i1
0.172257,P1C4_Heron,i2
0.226822,P1C4_Heron,glynnii
0.221502,P1C4_Heron,D1a
0.230691,P1C4_Heron,D8
0.226822,P1C4_Heron,D15
0.212506,P1C4_Heron,D1.1
0.212415,P1C4_Heron,D1.2
0.30642,P1C4_Heron,G2
0.29941,P1C4_Heron,G2b
0.265722,P1C4_Heron,endoclio
0.272775,P1C4_Heron,spongiol
0.300467,P1C4_Heron,E1
0.297611,P1C4_Heron,voratum
0.360276,P1C4_Heron,microadria
0.325301,P1C4_Heron,pilosum
0.358674,P1C4_Heron,CCMP_832
0.356527,P1C4_Heron,CCMP_2469
0.318746,P1C4_Heron,A2
0.338575,P1C4_Heron,A13
0.323613,P1C4_Heron,A2b
0.343468,P1C4_Heron,A3
0.408797,P1C4_Heron,Psimplex
0.005279,F2,F2a
0.01769,F2,F_1335J
0.016265,F2,F_1320J
0.060366,F2,F3.2
0.07259,F2,F3.1a
0.05877,F2,F_5243X
0.05877,F2,F_5244x
0.069309,F2,F_1635
0.070862,F2,F_188X
0.077128,F2,P1G6_Heron
0.06543,F2,P2D2_Heron
0.161112,F2,F4.1
0.149569,F2,F4.8
0.149138,F2,F_1334X
0.149036,F2,F_1628X
0.149631,F2,F_836J
0.151684,F2,F_1349X
0.150667,F2,kawagutii
0.165499,F2,F5.1
0.161456,F2,F5.1d
0.162887,F2,F1
0.15635,F2,F5.2g
0.165578,F2,F_i971X
0.221628,F2,minutum
0.221628,F2,antillogor
0.218782,F2,pseudomin
0.218782,F2,endomadra
0.206217,F2,psygmophil
0.220947,F2,aenigmatic
0.228062,F2,i1
0.227024,F2,i2
0.325684,F2,glynnii
0.318082,F2,D1a
0.334242,F2,D8
0.325684,F2,D15
0.245225,F2,D1.1
0.252401,F2,D1.2
0.376096,F2,G2
0.368176,F2,G2b
0.336864,F2,endoclio
0.337657,F2,spongiol
0.348442,F2,E1
0.345361,F2,voratum
0.398676,F2,microadria
0.384068,F2,pilosum
0.388792,F2,CCMP_832
0.394649,F2,CCMP_2469
0.376312,F2,A2
0.374398,F2,A13
0.382013,F2,A2b
0.372006,F2,A3
0.417423,F2,Psimplex
0.016369,F2a,F_1335J
0.013475,F2a,F_1320J
0.06582,F2a,F3.2
0.078393,F2a,F3.1a
0.064187,F2a,F_5243X
0.064187,F2a,F_5244x
0.075038,F2a,F_1635
0.076619,F2a,F_188X
0.083005,F2a,P1G6_Heron
0.071023,F2a,P2D2_Heron
0.161112,F2a,F4.1
0.149569,F2a,F4.8
0.149138,F2a,F_1334X
0.149036,F2a,F_1628X
0.149631,F2a,F_836J
0.151684,F2a,F_1349X
0.152312,F2a,kawagutii
0.167192,F2a,F5.1
0.163141,F2a,F5.1d
0.164582,F2a,F1
0.158007,F2a,F5.2g
0.167274,F2a,F_i971X
0.22671,F2a,minutum
0.22671,F2a,antillogor
0.223808,F2a,pseudomin
0.223808,F2a,endomadra
0.210752,F2a,psygmophil
0.225998,F2a,aenigmatic
0.228062,F2a,i1
0.227024,F2a,i2
0.32846,F2a,glynnii
0.320798,F2a,D1a
0.337164,F2a,D8
0.32846,F2a,D15
0.251203,F2a,D1.1
0.258513,F2a,D1.2
0.384526,F2a,G2
0.376438,F2a,G2b
0.344426,F2a,endoclio
0.345259,F2a,spongiol
0.353378,F2a,E1
0.350254,F2a,voratum
0.408014,F2a,microadria
0.392788,F2a,pilosum
0.397994,F2a,CCMP_832
0.403893,F2a,CCMP_2469
0.384816,F2a,A2
0.38282,F2a,A13
0.390669,F2a,A2b
0.380443,F2a,A3
0.427276,F2a,Psimplex
0.002645,F_1335J,F_1320J
0.071306,F_1335J,F3.2
0.087724,F_1335J,F3.1a
0.06964,F_1335J,F_5243X
0.06964,F_1335J,F_5244x
0.084275,F_1335J,F_1635
0.085888,F_1335J,F_188X
0.088877,F_1335J,P1G6_Heron
0.073098,F_1335J,P2D2_Heron
0.164496,F_1335J,F4.1
0.151337,F_1335J,F4.8
0.150898,F_1335J,F_1334X
0.150794,F_1335J,F_1628X
0.149142,F_1335J,F_836J
0.154966,F_1335J,F_1349X
0.157267,F_1335J,kawagutii
0.168025,F_1335J,F5.1
0.16825,F_1335J,F5.1d
0.169727,F_1335J,F1
0.158798,F_1335J,F5.2g
0.168109,F_1335J,F_i971X
0.238037,F_1335J,minutum
0.238037,F_1335J,antillogor
0.235064,F_1335J,pseudomin
0.235064,F_1335J,endomadra
0.224415,F_1335J,psygmophil
0.237266,F_1335J,aenigmatic
0.240923,F_1335J,i1
0.239826,F_1335J,i2
0.335857,F_1335J,glynnii
0.328029,F_1335J,D1a
0.341809,F_1335J,D8
0.335857,F_1335J,D15
0.2582,F_1335J,D1.1
0.265567,F_1335J,D1.2
0.389042,F_1335J,G2
0.380897,F_1335J,G2b
0.348637,F_1335J,endoclio
0.349488,F_1335J,spongiol
0.374974,F_1335J,E1
0.371748,F_1335J,voratum
0.419586,F_1335J,microadria
0.404279,F_1335J,pilosum
0.409473,F_1335J,CCMP_832
0.415381,F_1335J,CCMP_2469
0.396064,F_1335J,A2
0.397001,F_1335J,A13
0.402087,F_1335J,A2b
0.39467,F_1335J,A3
0.430887,F_1335J,Psimplex
0.069469,F_1320J,F3.2
0.085744,F_1320J,F3.1a
0.067814,F_1320J,F_5243X
0.067814,F_1320J,F_5244x
0.08232,F_1320J,F_1635
0.083924,F_1320J,F_188X
0.0869,F_1320J,P1G6_Heron
0.074754,F_1320J,P2D2_Heron
0.158815,F_1320J,F4.1
0.145876,F_1320J,F4.8
0.145456,F_1320J,F_1334X
0.145358,F_1320J,F_1628X
0.143722,F_1320J,F_836J
0.149473,F_1320J,F_1349X
0.151777,F_1320J,kawagutii
0.162344,F_1320J,F5.1
0.16255,F_1320J,F5.1d
0.163982,F_1320J,F1
0.153295,F_1320J,F5.2g
0.162417,F_1320J,F_i971X
0.234082,F_1320J,minutum
0.234082,F_1320J,antillogor
0.231143,F_1320J,pseudomin
0.231143,F_1320J,endomadra
0.220801,F_1320J,psygmophil
0.233335,F_1320J,aenigmatic
0.233537,F_1320J,i1
0.232474,F_1320J,i2
0.333789,F_1320J,glynnii
0.325979,F_1320J,D1a
0.339674,F_1320J,D8
0.333789,F_1320J,D15
0.259389,F_1320J,D1.1
0.266802,F_1320J,D1.2
0.391489,F_1320J,G2
0.383347,F_1320J,G2b
0.35108,F_1320J,endoclio
0.351938,F_1320J,spongiol
0.36458,F_1320J,E1
0.361407,F_1320J,voratum
0.426348,F_1320J,microadria
0.41062,F_1320J,pilosum
0.416145,F_1320J,CCMP_832
0.422078,F_1320J,CCMP_2469
0.402254,F_1320J,A2
0.403179,F_1320J,A13
0.408382,F_1320J,A2b
0.400863,F_1320J,A3
0.434281,F_1320J,Psimplex
0.020462,F3.2,F3.1a
0.001305,F3.2,F_5243X
0.001305,F3.2,F_5244x
0.01767,F3.2,F_1635
0.019045,F3.2,F_188X
0.024666,F3.2,P1G6_Heron
0.009312,F3.2,P2D2_Heron
0.110505,F3.2,F4.1
0.104626,F3.2,F4.8
0.10267,F3.2,F_1334X
0.102613,F3.2,F_1628X
0.102995,F3.2,F_836J
0.10249,F3.2,F_1349X
0.110646,F3.2,kawagutii
0.124854,F3.2,F5.1
0.117193,F3.2,F5.1d
0.115196,F3.2,F1
0.105993,F3.2,F5.2g
0.114011,F3.2,F_i971X
0.177015,F3.2,minutum
0.177015,F3.2,antillogor
0.174441,F3.2,pseudomin
0.174441,F3.2,endomadra
0.160618,F3.2,psygmophil
0.176542,F3.2,aenigmatic
0.200536,F3.2,i1
0.199611,F3.2,i2
0.291537,F3.2,glynnii
0.284764,F3.2,D1a
0.298736,F3.2,D8
0.291537,F3.2,D15
0.229008,F3.2,D1.1
0.230509,F3.2,D1.2
0.358176,F3.2,G2
0.350507,F3.2,G2b
0.308313,F3.2,endoclio
0.308981,F3.2,spongiol
0.303997,F3.2,E1
0.301121,F3.2,voratum
0.39272,F3.2,microadria
0.367149,F3.2,pilosum
0.382931,F3.2,CCMP_832
0.388754,F3.2,CCMP_2469
0.359788,F3.2,A2
0.368426,F3.2,A13
0.365212,F3.2,A2b
0.366025,F3.2,A3
0.406063,F3.2,Psimplex
0.019058,F3.1a,F_5243X
0.019058,F3.1a,F_5244x
0.002615,F3.1a,F_1635
0.003925,F3.1a,F_188X
0.029129,F3.1a,P1G6_Heron
0.021932,F3.1a,P2D2_Heron
0.109511,F3.1a,F4.1
0.107338,F3.1a,F4.8
0.105351,F3.1a,F_1334X
0.105291,F3.1a,F_1628X
0.105687,F3.1a,F_836J
0.101453,F3.1a,F_1349X
0.106555,F3.1a,kawagutii
0.115253,F3.1a,F5.1
0.10774,F3.1a,F5.1d
0.109485,F3.1a,F1
0.104202,F3.1a,F5.2g
0.112165,F3.1a,F_i971X
0.172811,F3.1a,minutum
0.172811,F3.1a,antillogor
0.170276,F3.1a,pseudomin
0.170276,F3.1a,endomadra
0.15904,F3.1a,psygmophil
0.172358,F3.1a,aenigmatic
0.196175,F3.1a,i1
0.195282,F3.1a,i2
0.275337,F3.1a,glynnii
0.268988,F3.1a,D1a
0.284428,F3.1a,D8
0.275337,F3.1a,D15
0.225407,F3.1a,D1.1
0.223074,F3.1a,D1.2
0.348873,F3.1a,G2
0.34131,F3.1a,G2b
0.304037,F3.1a,endoclio
0.304689,F3.1a,spongiol
0.287427,F3.1a,E1
0.284635,F3.1a,voratum
0.369262,F3.1a,microadria
0.346956,F3.1a,pilosum
0.364567,F3.1a,CCMP_832
0.365445,F3.1a,CCMP_2469
0.339947,F3.1a,A2
0.343746,F3.1a,A13
0.34513,F3.1a,A2b
0.345847,F3.1a,A3
0.414678,F3.1a,Psimplex
0.000001,F_5243X,F_5244x
0.016277,F_5243X,F_1635
0.017648,F_5243X,F_188X
0.023246,F_5243X,P1G6_Heron
0.007965,F_5243X,P2D2_Heron
0.108649,F_5243X,F4.1
0.102795,F_5243X,F4.8
0.10085,F_5243X,F_1334X
0.100794,F_5243X,F_1628X
0.101169,F_5243X,F_836J
0.100674,F_5243X,F_1349X
0.108756,F_5243X,kawagutii
0.122925,F_5243X,F5.1
0.11529,F_5243X,F5.1d
0.113277,F_5243X,F1
0.104133,F_5243X,F5.2g
0.112108,F_5243X,F_i971X
0.174684,F_5243X,minutum
0.174684,F_5243X,antillogor
0.172123,F_5243X,pseudomin
0.172123,F_5243X,endomadra
0.15848,F_5243X,psygmophil
0.174221,F_5243X,aenigmatic
0.198184,F_5243X,i1
0.197268,F_5243X,i2
0.288759,F_5243X,glynnii
0.282038,F_5243X,D1a
0.29582,F_5243X,D8
0.288759,F_5243X,D15
0.226413,F_5243X,D1.1
0.227905,F_5243X,D1.2
0.35502,F_5243X,G2
0.347383,F_5243X,G2b
0.305391,F_5243X,endoclio
0.306049,F_5243X,spongiol
0.307025,F_5243X,E1
0.304138,F_5243X,voratum
0.389324,F_5243X,microadria
0.363992,F_5243X,pilosum
0.379551,F_5243X,CCMP_832
0.385378,F_5243X,CCMP_2469
0.356682,F_5243X,A2
0.365285,F_5243X,A13
0.362071,F_5243X,A2b
0.36287,F_5243X,A3
0.402589,F_5243X,Psimplex
0.016277,F_5244x,F_1635
0.017648,F_5244x,F_188X
0.023246,F_5244x,P1G6_Heron
0.007965,F_5244x,P2D2_Heron
0.108649,F_5244x,F4.1
0.102795,F_5244x,F4.8
0.10085,F_5244x,F_1334X
0.100794,F_5244x,F_1628X
0.101169,F_5244x,F_836J
0.100674,F_5244x,F_1349X
0.108756,F_5244x,kawagutii
0.122925,F_5244x,F5.1
0.11529,F_5244x,F5.1d
0.113277,F_5244x,F1
0.104133,F_5244x,F5.2g
0.112108,F_5244x,F_i971X
0.174684,F_5244x,minutum
0.174684,F_5244x,antillogor
0.172123,F_5244x,pseudomin
0.172123,F_5244x,endomadra
0.15848,F_5244x,psygmophil
0.174221,F_5244x,aenigmatic
0.198184,F_5244x,i1
0.197268,F_5244x,i2
0.288759,F_5244x,glynnii
0.282038,F_5244x,D1a
0.29582,F_5244x,D8
0.288759,F_5244x,D15
0.226413,F_5244x,D1.1
0.227905,F_5244x,D1.2
0.35502,F_5244x,G2
0.347383,F_5244x,G2b
0.305391,F_5244x,endoclio
0.306049,F_5244x,spongiol
0.307025,F_5244x,E1
0.304138,F_5244x,voratum
0.389324,F_5244x,microadria
0.363992,F_5244x,pilosum
0.379551,F_5244x,CCMP_832
0.385378,F_5244x,CCMP_2469
0.356682,F_5244x,A2
0.365285,F_5244x,A13
0.362071,F_5244x,A2b
0.36287,F_5244x,A3
0.402589,F_5244x,Psimplex
0.001304,F_1635,F_188X
0.029197,F_1635,P1G6_Heron
0.019121,F_1635,P2D2_Heron
0.109842,F_1635,F4.1
0.107661,F_1635,F4.8
0.105666,F_1635,F_1334X
0.105605,F_1635,F_1628X
0.106004,F_1635,F_836J
0.101753,F_1635,F_1349X
0.102878,F_1635,kawagutii
0.11154,F_1635,F5.1
0.104075,F_1635,F5.1d
0.105761,F_1635,F1
0.100561,F_1635,F5.2g
0.108444,F_1635,F_i971X
0.170965,F_1635,minutum
0.170965,F_1635,antillogor
0.168442,F_1635,pseudomin
0.168442,F_1635,endomadra
0.157347,F_1635,psygmophil
0.17052,F_1635,aenigmatic
0.19168,F_1635,i1
0.190803,F_1635,i2
0.270136,F_1635,glynnii
0.26388,F_1635,D1a
0.278966,F_1635,D8
0.270136,F_1635,D15
0.22041,F_1635,D1.1
0.218092,F_1635,D1.2
0.348884,F_1635,G2
0.341327,F_1635,G2b
0.30537,F_1635,endoclio
0.306029,F_1635,spongiol
0.290306,F_1635,E1
0.287501,F_1635,voratum
0.371013,F_1635,microadria
0.348518,F_1635,pilosum
0.366305,F_1635,CCMP_832
0.367174,F_1635,CCMP_2469
0.341461,F_1635,A2
0.345281,F_1635,A13
0.346678,F_1635,A2b
0.347404,F_1635,A3
0.40798,F_1635,Psimplex
0.030611,F_188X,P1G6_Heron
0.020504,F_188X,P2D2_Heron
0.111543,F_188X,F4.1
0.109354,F_188X,F4.8
0.107352,F_188X,F_1334X
0.107291,F_188X,F_1628X
0.107696,F_188X,F_836J
0.103428,F_188X,F_1349X
0.104572,F_188X,kawagutii
0.11324,F_188X,F5.1
0.105762,F_188X,F5.1d
0.107473,F_188X,F1
0.102242,F_188X,F5.2g
0.110151,F_188X,F_i971X
0.1735,F_188X,minutum
0.1735,F_188X,antillogor
0.17096,F_188X,pseudomin
0.17096,F_188X,endomadra
0.159662,F_188X,psygmophil
0.173044,F_188X,aenigmatic
0.193611,F_188X,i1
0.192729,F_188X,i2
0.266796,F_188X,glynnii
0.260614,F_188X,D1a
0.275436,F_188X,D8
0.266796,F_188X,D15
0.220279,F_188X,D1.1
0.217966,F_188X,D1.2
0.352779,F_188X,G2
0.345165,F_188X,G2b
0.301628,F_188X,endoclio
0.302272,F_188X,spongiol
0.292496,F_188X,E1
0.289688,F_188X,voratum
0.366605,F_188X,microadria
0.344456,F_188X,pilosum
0.361902,F_188X,CCMP_832
0.362799,F_188X,CCMP_2469
0.337479,F_188X,A2
0.341267,F_188X,A13
0.34264,F_188X,A2b
0.343345,F_188X,A3
0.405196,F_188X,Psimplex
0.024844,P1G6_Heron,P2D2_Heron
0.111381,P1G6_Heron,F4.1
0.105377,P1G6_Heron,F4.8
0.103379,P1G6_Heron,F_1334X
0.103321,P1G6_Heron,F_1628X
0.103713,P1G6_Heron,F_836J
0.103193,P1G6_Heron,F_1349X
0.108631,P1G6_Heron,kawagutii
0.117117,P1G6_Heron,F5.1
0.113372,P1G6_Heron,F5.1d
0.113129,P1G6_Heron,F1
0.097939,P1G6_Heron,F5.2g
0.105712,P1G6_Heron,F_i971X
0.175217,P1G6_Heron,minutum
0.175217,P1G6_Heron,antillogor
0.172642,P1G6_Heron,pseudomin
0.172642,P1G6_Heron,endomadra
0.158909,P1G6_Heron,psygmophil
0.174749,P1G6_Heron,aenigmatic
0.203847,P1G6_Heron,i1
0.202911,P1G6_Heron,i2
0.289689,P1G6_Heron,glynnii
0.282952,P1G6_Heron,D1a
0.296795,P1G6_Heron,D8
0.289689,P1G6_Heron,D15
0.23416,P1G6_Heron,D1.1
0.243434,P1G6_Heron,D1.2
0.36314,P1G6_Heron,G2
0.355351,P1G6_Heron,G2b
0.316887,P1G6_Heron,endoclio
0.317595,P1G6_Heron,spongiol
0.311658,P1G6_Heron,E1
0.308721,P1G6_Heron,voratum
0.407709,P1G6_Heron,microadria
0.373941,P1G6_Heron,pilosum
0.397678,P1G6_Heron,CCMP_832
0.403585,P1G6_Heron,CCMP_2469
0.366344,P1G6_Heron,A2
0.381863,P1G6_Heron,A13
0.371937,P1G6_Heron,A2b
0.379482,P1G6_Heron,A3
0.415097,P1G6_Heron,Psimplex
0.114495,P2D2_Heron,F4.1
0.108541,P2D2_Heron,F4.8
0.106557,P2D2_Heron,F_1334X
0.106497,P2D2_Heron,F_1628X
0.106896,P2D2_Heron,F_836J
0.106365,P2D2_Heron,F_1349X
0.107101,P2D2_Heron,kawagutii
0.121225,P2D2_Heron,F5.1
0.113619,P2D2_Heron,F5.1d
0.111594,P2D2_Heron,F1
0.102506,P2D2_Heron,F5.2g
0.11044,P2D2_Heron,F_i971X
0.17919,P2D2_Heron,minutum
0.17919,P2D2_Heron,antillogor
0.1766,P2D2_Heron,pseudomin
0.1766,P2D2_Heron,endomadra
0.162585,P2D2_Heron,psygmophil
0.178707,P2D2_Heron,aenigmatic
0.203967,P2D2_Heron,i1
0.203025,P2D2_Heron,i2
0.290418,P2D2_Heron,glynnii
0.283629,P2D2_Heron,D1a
0.297601,P2D2_Heron,D8
0.290418,P2D2_Heron,D15
0.240689,P2D2_Heron,D1.1
0.242253,P2D2_Heron,D1.2
0.355708,P2D2_Heron,G2
0.347967,P2D2_Heron,G2b
0.30886,P2D2_Heron,endoclio
0.309539,P2D2_Heron,spongiol
0.309798,P2D2_Heron,E1
0.306883,P2D2_Heron,voratum
0.388512,P2D2_Heron,microadria
0.363155,P2D2_Heron,pilosum
0.378708,P2D2_Heron,CCMP_832
0.384557,P2D2_Heron,CCMP_2469
0.355835,P2D2_Heron,A2
0.364456,P2D2_Heron,A13
0.361232,P2D2_Heron,A2b
0.36203,P2D2_Heron,A3
0.417929,P2D2_Heron,Psimplex
0.027449,F4.1,F4.8
0.026006,F4.1,F_1334X
0.025996,F4.1,F_1628X
0.026079,F4.1,F_836J
0.00529,F4.1,F_1349X
0.151999,F4.1,kawagutii
0.14731,F4.1,F5.1
0.155568,F4.1,F5.1d
0.153727,F4.1,F1
0.15907,F4.1,F5.2g
0.157224,F4.1,F_i971X
0.199424,F4.1,minutum
0.199424,F4.1,antillogor
0.196618,F4.1,pseudomin
0.196618,F4.1,endomadra
0.182988,F4.1,psygmophil
0.188724,F4.1,aenigmatic
0.198894,F4.1,i1
0.196082,F4.1,i2
0.254687,F4.1,glynnii
0.24873,F4.1,D1a
0.262407,F4.1,D8
0.254687,F4.1,D15
0.2331,F4.1,D1.1
0.239048,F4.1,D1.2
0.366107,F4.1,G2
0.358324,F4.1,G2b
0.312754,F4.1,endoclio
0.320653,F4.1,spongiol
0.326632,F4.1,E1
0.323616,F4.1,voratum
0.392174,F4.1,microadria
0.354274,F4.1,pilosum
0.414015,F4.1,CCMP_832
0.38814,F4.1,CCMP_2469
0.347093,F4.1,A2
0.36475,F4.1,A13
0.352396,F4.1,A2b
0.391747,F4.1,A3
0.490403,F4.1,Psimplex
0.003946,F4.8,F_1334X
0.003944,F4.8,F_1628X
0.003957,F4.8,F_836J
0.021738,F4.8,F_1349X
0.157178,F4.8,kawagutii
0.148178,F4.8,F5.1
0.156465,F4.8,F5.1d
0.158912,F4.8,F1
0.153746,F4.8,F5.2g
0.153823,F4.8,F_i971X
0.213308,F4.8,minutum
0.213308,F4.8,antillogor
0.210435,F4.8,pseudomin
0.210435,F4.8,endomadra
0.195771,F4.8,psygmophil
0.202368,F4.8,aenigmatic
0.191547,F4.8,i1
0.188753,F4.8,i2
0.271116,F4.8,glynnii
0.264798,F4.8,D1a
0.279734,F4.8,D8
0.271116,F4.8,D15
0.247664,F4.8,D1.1
0.248335,F4.8,D1.2
0.368876,F4.8,G2
0.361013,F4.8,G2b
0.312488,F4.8,endoclio
0.320466,F4.8,spongiol
0.32538,F4.8,E1
0.322371,F4.8,voratum
0.403763,F4.8,microadria
0.381645,F4.8,pilosum
0.428102,F4.8,CCMP_832
0.399664,F4.8,CCMP_2469
0.373951,F4.8,A2
0.375447,F4.8,A13
0.379608,F4.8,A2b
0.404862,F4.8,A3
0.461873,F4.8,Psimplex
0.000001,F_1334X,F_1628X
0.000001,F_1334X,F_836J
0.020325,F_1334X,F_1349X
0.154806,F_1334X,kawagutii
0.145875,F_1334X,F5.1
0.154113,F_1334X,F5.1d
0.156536,F_1334X,F1
0.151387,F_1334X,F5.2g
0.151463,F_1334X,F_i971X
0.210211,F_1334X,minutum
0.210211,F_1334X,antillogor
0.207363,F_1334X,pseudomin
0.207363,F_1334X,endomadra
0.193056,F_1334X,psygmophil
0.199362,F_1334X,aenigmatic
0.193606,F_1334X,i1
0.190804,F_1334X,i2
0.263876,F_1334X,glynnii
0.257718,F_1334X,D1a
0.27196,F_1334X,D8
0.263876,F_1334X,D15
0.241446,F_1334X,D1.1
0.242096,F_1334X,D1.2
0.358004,F_1334X,G2
0.350276,F_1334X,G2b
0.310345,F_1334X,endoclio
0.318265,F_1334X,spongiol
0.327905,F_1334X,E1
0.32487,F_1334X,voratum
0.396895,F_1334X,microadria
0.375541,F_1334X,pilosum
0.420939,F_1334X,CCMP_832
0.392846,F_1334X,CCMP_2469
0.367963,F_1334X,A2
0.369405,F_1334X,A13
0.37354,F_1334X,A2b
0.398509,F_1334X,A3
0.463756,F_1334X,Psimplex
0.000001,F_1628X,F_836J
0.020318,F_1628X,F_1349X
0.154697,F_1628X,kawagutii
0.145776,F_1628X,F5.1
0.154005,F_1628X,F5.1d
0.156425,F_1628X,F1
0.151281,F_1628X,F5.2g
0.151357,F_1628X,F_i971X
0.210111,F_1628X,minutum
0.210111,F_1628X,antillogor
0.207265,F_1628X,pseudomin
0.207265,F_1628X,endomadra
0.192896,F_1628X,psygmophil
0.199271,F_1628X,aenigmatic
0.193444,F_1628X,i1
0.190646,F_1628X,i2
0.263603,F_1628X,glynnii
0.257458,F_1628X,D1a
0.271799,F_1628X,D8
0.263603,F_1628X,D15
0.241204,F_1628X,D1.1
0.241852,F_1628X,D1.2
0.357543,F_1628X,G2
0.349832,F_1628X,G2b
0.309966,F_1628X,endoclio
0.317869,F_1628X,spongiol
0.327491,F_1628X,E1
0.324462,F_1628X,voratum
0.396549,F_1628X,microadria
0.375019,F_1628X,pilosum
0.420552,F_1628X,CCMP_832
0.392507,F_1628X,CCMP_2469
0.367462,F_1628X,A2
0.368897,F_1628X,A13
0.373024,F_1628X,A2b
0.397926,F_1628X,A3
0.462957,F_1628X,Psimplex
0.020382,F_836J,F_1349X
0.155327,F_836J,kawagutii
0.146363,F_836J,F5.1
0.154628,F_836J,F5.1d
0.157062,F_836J,F1
0.151898,F_836J,F5.2g
0.151974,F_836J,F_i971X
0.210996,F_836J,minutum
0.210996,F_836J,antillogor
0.208136,F_836J,pseudomin
0.208136,F_836J,endomadra
0.193735,F_836J,psygmophil
0.200104,F_836J,aenigmatic
0.191962,F_836J,i1
0.189163,F_836J,i2
0.262206,F_836J,glynnii
0.256064,F_836J,D1a
0.270227,F_836J,D8
0.262206,F_836J,D15
0.239728,F_836J,D1.1
0.240374,F_836J,D1.2
0.356236,F_836J,G2
0.348509,F_836J,G2b
0.311537,F_836J,endoclio
0.319494,F_836J,spongiol
0.328267,F_836J,E1
0.325226,F_836J,voratum
0.39506,F_836J,microadria
0.37379,F_836J,pilosum
0.419093,F_836J,CCMP_832
0.391013,F_836J,CCMP_2469
0.366225,F_836J,A2
0.367655,F_836J,A13
0.371794,F_836J,A2b
0.396747,F_836J,A3
0.464443,F_836J,Psimplex
0.140813,F_1349X,kawagutii
0.13631,F_1349X,F5.1
0.144357,F_1349X,F5.1d
0.142524,F_1349X,F1
0.147661,F_1349X,F5.2g
0.145857,F_1349X,F_i971X
0.192225,F_1349X,minutum
0.192225,F_1349X,antillogor
0.189478,F_1349X,pseudomin
0.189478,F_1349X,endomadra
0.176487,F_1349X,psygmophil
0.18174,F_1349X,aenigmatic
0.193229,F_1349X,i1
0.190449,F_1349X,i2
0.250081,F_1349X,glynnii
0.244193,F_1349X,D1a
0.257595,F_1349X,D8
0.250081,F_1349X,D15
0.223926,F_1349X,D1.1
0.229792,F_1349X,D1.2
0.359536,F_1349X,G2
0.351806,F_1349X,G2b
0.313701,F_1349X,endoclio
0.321647,F_1349X,spongiol
0.324011,F_1349X,E1
0.320996,F_1349X,voratum
0.3743,F_1349X,microadria
0.352503,F_1349X,pilosum
0.395389,F_1349X,CCMP_832
0.370399,F_1349X,CCMP_2469
0.345334,F_1349X,A2
0.348455,F_1349X,A13
0.350629,F_1349X,A2b
0.374586,F_1349X,A3
0.473716,F_1349X,Psimplex
0.038166,kawagutii,F5.1
0.036743,kawagutii,F5.1d
0.006663,kawagutii,F1
0.023423,kawagutii,F5.2g
0.029243,kawagutii,F_i971X
0.194023,kawagutii,minutum
0.194023,kawagutii,antillogor
0.191288,kawagutii,pseudomin
0.191288,kawagutii,endomadra
0.184944,kawagutii,psygmophil
0.199846,kawagutii,aenigmatic
0.197493,kawagutii,i1
0.196561,kawagutii,i2
0.289936,kawagutii,glynnii
0.283092,kawagutii,D1a
0.295509,kawagutii,D8
0.289936,kawagutii,D15
0.24797,kawagutii,D1.1
0.251003,kawagutii,D1.2
0.388328,kawagutii,G2
0.38022,kawagutii,G2b
0.32824,kawagutii,endoclio
0.329007,kawagutii,spongiol
0.35929,kawagutii,E1
0.356107,kawagutii,voratum
0.412343,kawagutii,microadria
0.390917,kawagutii,pilosum
0.419058,kawagutii,CCMP_832
0.408087,kawagutii,CCMP_2469
0.382747,kawagutii,A2
0.38792,kawagutii,A13
0.388747,kawagutii,A2b
0.397482,kawagutii,A3
0.460463,kawagutii,Psimplex
0.01471,F5.1,F5.1d
0.030607,F5.1,F1
0.01896,F5.1,F5.2g
0.018993,F5.1,F_i971X
0.173548,F5.1,minutum
0.173548,F5.1,antillogor
0.170968,F5.1,pseudomin
0.170968,F5.1,endomadra
0.168109,F5.1,psygmophil
0.179013,F5.1,aenigmatic
0.186934,F5.1,i1
0.186051,F5.1,i2
0.284606,F5.1,glynnii
0.277868,F5.1,D1a
0.292874,F5.1,D8
0.284606,F5.1,D15
0.243563,F5.1,D1.1
0.243454,F5.1,D1.2
0.398662,F5.1,G2
0.390458,F5.1,G2b
0.358574,F5.1,endoclio
0.359469,F5.1,spongiol
0.357293,F5.1,E1
0.354151,F5.1,voratum
0.433529,F5.1,microadria
0.411011,F5.1,pilosum
0.438419,F5.1,CCMP_832
0.429154,F5.1,CCMP_2469
0.402505,F5.1,A2
0.404235,F5.1,A13
0.408736,F5.1,A2b
0.412144,F5.1,A3
0.469481,F5.1,Psimplex
0.029207,F5.1d,F1
0.017598,F5.1d,F5.2g
0.02326,F5.1d,F_i971X
0.176469,F5.1d,minutum
0.176469,F5.1d,antillogor
0.173865,F5.1d,pseudomin
0.173865,F5.1d,endomadra
0.170851,F5.1d,psygmophil
0.181988,F5.1d,aenigmatic
0.182653,F5.1d,i1
0.181785,F5.1d,i2
0.274657,F5.1d,glynnii
0.268104,F5.1d,D1a
0.282476,F5.1d,D8
0.274657,F5.1d,D15
0.238987,F5.1d,D1.1
0.238881,F5.1d,D1.2
0.391559,F5.1d,G2
0.383413,F5.1d,G2b
0.345283,F5.1d,endoclio
0.353841,F5.1d,spongiol
0.343092,F5.1d,E1
0.339998,F5.1d,voratum
0.414853,F5.1d,microadria
0.389414,F5.1d,pilosum
0.421076,F5.1d,CCMP_832
0.410594,F5.1d,CCMP_2469
0.381275,F5.1d,A2
0.386961,F5.1d,A13
0.387253,F5.1d,A2b
0.395972,F5.1d,A3
0.461745,F5.1d,Psimplex
0.016278,F1,F5.2g
0.021933,F1,F_i971X
0.189378,F1,minutum
0.189378,F1,antillogor
0.186662,F1,pseudomin
0.186662,F1,endomadra
0.180562,F1,psygmophil
0.195156,F1,aenigmatic
0.200157,F1,i1
0.199206,F1,i2
0.289998,F1,glynnii
0.283116,F1,D1a
0.295607,F1,D8
0.289998,F1,D15
0.250956,F1,D1.1
0.250843,F1,D1.2
0.395856,F1,G2
0.38762,F1,G2b
0.334852,F1,endoclio
0.335651,F1,spongiol
0.361535,F1,E1
0.358329,F1,voratum
0.426453,F1,microadria
0.404112,F1,pilosum
0.433077,F1,CCMP_832
0.422084,F1,CCMP_2469
0.395662,F1,A2
0.40087,F1,A13
0.401857,F1,A2b
0.410453,F1,A3
0.481593,F1,Psimplex
0.007971,F5.2g,F_i971X
0.183209,F5.2g,minutum
0.183209,F5.2g,antillogor
0.180536,F5.2g,pseudomin
0.180536,F5.2g,endomadra
0.1748,F5.2g,psygmophil
0.188884,F5.2g,aenigmatic
0.195379,F5.2g,i1
0.194448,F5.2g,i2
0.296714,F5.2g,glynnii
0.289643,F5.2g,D1a
0.302663,F5.2g,D8
0.296714,F5.2g,D15
0.251444,F5.2g,D1.1
0.25133,F5.2g,D1.2
0.413056,F5.2g,G2
0.40456,F5.2g,G2b
0.355376,F5.2g,endoclio
0.356261,F5.2g,spongiol
0.352947,F5.2g,E1
0.349775,F5.2g,voratum
0.435916,F5.2g,microadria
0.41062,F5.2g,pilosum
0.438765,F5.2g,CCMP_832
0.431493,F5.2g,CCMP_2469
0.402055,F5.2g,A2
0.409682,F5.2g,A13
0.408329,F5.2g,A2b
0.415783,F5.2g,A3
0.473667,F5.2g,Psimplex
0.185323,F_i971X,minutum
0.185323,F_i971X,antillogor
0.18265,F_i971X,pseudomin
0.18265,F_i971X,endomadra
0.17682,F_i971X,psygmophil
0.191,F_i971X,aenigmatic
0.198202,F_i971X,i1
0.19726,F_i971X,i2
0.300112,F_i971X,glynnii
0.292975,F_i971X,D1a
0.30621,F_i971X,D8
0.300112,F_i971X,D15
0.254677,F_i971X,D1.1
0.261045,F_i971X,D1.2
0.427193,F_i971X,G2
0.418525,F_i971X,G2b
0.373617,F_i971X,endoclio
0.374591,F_i971X,spongiol
0.359717,F_i971X,E1
0.35652,F_i971X,voratum
0.442997,F_i971X,microadria
0.427999,F_i971X,pilosum
0.448074,F_i971X,CCMP_832
0.438491,F_i971X,CCMP_2469
0.419036,F_i971X,A2
0.416024,F_i971X,A13
0.425588,F_i971X,A2b
0.42426,F_i971X,A3
0.477753,F_i971X,Psimplex
0.000001,minutum,antillogor
0.001367,minutum,pseudomin
0.001367,minutum,endomadra
0.005515,minutum,psygmophil
0.008317,minutum,aenigmatic
0.230483,minutum,i1
0.229375,minutum,i2
0.289716,minutum,glynnii
0.293121,minutum,D1a
0.293121,minutum,D8
0.296688,minutum,D15
0.270381,minutum,D1.1
0.256391,minutum,D1.2
0.407556,minutum,G2
0.407556,minutum,G2b
0.358224,minutum,endoclio
0.359151,minutum,spongiol
0.416108,minutum,E1
0.41253,minutum,voratum
0.46738,minutum,microadria
0.459545,minutum,pilosum
0.453548,minutum,CCMP_832
0.46269,minutum,CCMP_2469
0.459545,minutum,A2
0.46269,minutum,A13
0.466916,minutum,A2b
0.45739,minutum,A3
0.589731,minutum,Psimplex
0.001367,antillogor,pseudomin
0.001367,antillogor,endomadra
0.005515,antillogor,psygmophil
0.008317,antillogor,aenigmatic
0.230483,antillogor,i1
0.229375,antillogor,i2
0.289716,antillogor,glynnii
0.293121,antillogor,D1a
0.293121,antillogor,D8
0.296688,antillogor,D15
0.270381,antillogor,D1.1
0.256391,antillogor,D1.2
0.407556,antillogor,G2
0.407556,antillogor,G2b
0.358224,antillogor,endoclio
0.359151,antillogor,spongiol
0.416108,antillogor,E1
0.41253,antillogor,voratum
0.46738,antillogor,microadria
0.459545,antillogor,pilosum
0.453548,antillogor,CCMP_832
0.46269,antillogor,CCMP_2469
0.459545,antillogor,A2
0.46269,antillogor,A13
0.466916,antillogor,A2b
0.45739,antillogor,A3
0.589731,antillogor,Psimplex
0.000001,pseudomin,endomadra
0.004125,pseudomin,psygmophil
0.006911,pseudomin,aenigmatic
0.231408,pseudomin,i1
0.230296,pseudomin,i2
0.29326,pseudomin,glynnii
0.296688,pseudomin,D1a
0.296688,pseudomin,D8
0.300282,pseudomin,D15
0.26694,pseudomin,D1.1
0.259886,pseudomin,D1.2
0.403283,pseudomin,G2
0.403283,pseudomin,G2b
0.354296,pseudomin,endoclio
0.355206,pseudomin,spongiol
0.411789,pseudomin,E1
0.408229,pseudomin,voratum
0.462645,pseudomin,microadria
0.454858,pseudomin,pilosum
0.448898,pseudomin,CCMP_832
0.457989,pseudomin,CCMP_2469
0.454858,pseudomin,A2
0.457989,pseudomin,A13
0.462164,pseudomin,A2b
0.45272,pseudomin,A3
0.584082,pseudomin,Psimplex
0.004125,endomadra,psygmophil
0.006911,endomadra,aenigmatic
0.231408,endomadra,i1
0.230296,endomadra,i2
0.29326,endomadra,glynnii
0.296688,endomadra,D1a
0.296688,endomadra,D8
0.300282,endomadra,D15
0.26694,endomadra,D1.1
0.259886,endomadra,D1.2
0.403283,endomadra,G2
0.403283,endomadra,G2b
0.354296,endomadra,endoclio
0.355206,endomadra,spongiol
0.411789,endomadra,E1
0.408229,endomadra,voratum
0.462645,endomadra,microadria
0.454858,endomadra,pilosum
0.448898,endomadra,CCMP_832
0.457989,endomadra,CCMP_2469
0.454858,endomadra,A2
0.457989,endomadra,A13
0.462164,endomadra,A2b
0.45272,endomadra,A3
0.584082,endomadra,Psimplex
0.002743,psygmophil,aenigmatic
0.214786,psygmophil,i1
0.213801,psygmophil,i2
0.27994,psygmophil,glynnii
0.279792,psygmophil,D1a
0.29354,psygmophil,D8
0.286526,psygmophil,D15
0.248478,psygmophil,D1.1
0.242049,psygmophil,D1.2
0.380828,psygmophil,G2
0.380828,psygmophil,G2b
0.341968,psygmophil,endoclio
0.342787,psygmophil,spongiol
0.370216,psygmophil,E1
0.367013,psygmophil,voratum
0.454724,psygmophil,microadria
0.430289,psygmophil,pilosum
0.441253,psygmophil,CCMP_832
0.450169,psygmophil,CCMP_2469
0.421455,psygmophil,A2
0.424304,psygmophil,A13
0.427912,psygmophil,A2b
0.419551,psygmophil,A3
0.529959,psygmophil,Psimplex
0.228301,aenigmatic,i1
0.227204,aenigmatic,i2
0.293021,aenigmatic,glynnii
0.296472,aenigmatic,D1a
0.296472,aenigmatic,D8
0.300089,aenigmatic,D15
0.272094,aenigmatic,D1.1
0.265004,aenigmatic,D1.2
0.415293,aenigmatic,G2
0.415293,aenigmatic,G2b
0.36703,aenigmatic,endoclio
0.368001,aenigmatic,spongiol
0.406835,aenigmatic,E1
0.403306,aenigmatic,voratum
0.465027,aenigmatic,microadria
0.457246,aenigmatic,pilosum
0.451291,aenigmatic,CCMP_832
0.460372,aenigmatic,CCMP_2469
0.457246,aenigmatic,A2
0.460372,aenigmatic,A13
0.464556,aenigmatic,A2b
0.455108,aenigmatic,A3
0.574368,aenigmatic,Psimplex
0.003955,i1,i2
0.233261,i1,glynnii
0.227813,i1,D1a
0.240052,i1,D8
0.233261,i1,D15
0.216987,i1,D1.1
0.218273,i1,D1.2
0.359248,i1,G2
0.351568,i1,G2b
0.309253,i1,endoclio
0.314277,i1,spongiol
0.298995,i1,E1
0.29946,i1,voratum
0.363225,i1,microadria
0.329677,i1,pilosum
0.374555,i1,CCMP_832
0.359368,i1,CCMP_2469
0.322936,i1,A2
0.337718,i1,A13
0.327936,i1,A2b
0.348255,i1,A3
0.438104,i1,Psimplex
0.230157,i2,glynnii
0.224784,i2,D1a
0.236771,i2,D8
0.230157,i2,D15
0.21891,i2,D1.1
0.220195,i2,D1.2
0.357572,i2,G2
0.349927,i2,G2b
0.307811,i2,endoclio
0.312807,i2,spongiol
0.297642,i2,E1
0.298104,i2,voratum
0.358467,i2,microadria
0.334362,i2,pilosum
0.372707,i2,CCMP_832
0.354654,i2,CCMP_2469
0.327559,i2,A2
0.333436,i2,A13
0.332601,i2,A2b
0.346611,i2,A3
0.435952,i2,Psimplex
0.001309,glynnii,D1a
0.001357,glynnii,D8
0.002625,glynnii,D15
0.143968,glynnii,D1.1
0.124408,glynnii,D1.2
0.332325,glynnii,G2
0.324961,glynnii,G2b
0.279503,glynnii,endoclio
0.282392,glynnii,spongiol
0.320192,glynnii,E1
0.323378,glynnii,voratum
0.347117,glynnii,microadria
0.31134,glynnii,pilosum
0.355131,glynnii,CCMP_832
0.343388,glynnii,CCMP_2469
0.31134,glynnii,A2
0.324047,glynnii,A13
0.316219,glynnii,A2b
0.337961,glynnii,A3
0.4413,glynnii,Psimplex
0.000001,D1a,D8
0.001309,D1a,D15
0.140272,D1a,D1.1
0.121051,D1a,D1.2
0.324372,D1a,G2
0.317177,D1a,G2b
0.276197,D1a,endoclio
0.279056,D1a,spongiol
0.312483,D1a,E1
0.315602,D1a,voratum
0.343073,D1a,microadria
0.310283,D1a,pilosum
0.350997,D1a,CCMP_832
0.339371,D1a,CCMP_2469
0.303919,D1a,A2
0.31623,D1a,A13
0.30866,D1a,A2b
0.329765,D1a,A3
0.430496,D1a,Psimplex
0.001356,D8,D15
0.146382,D8,D1.1
0.125969,D8,D1.2
0.348735,D8,G2
0.340882,D8,G2b
0.292036,D8,endoclio
0.295147,D8,spongiol
0.332501,D8,E1
0.335873,D8,voratum
0.343735,D8,microadria
0.326248,D8,pilosum
0.351684,D8,CCMP_832
0.340024,D8,CCMP_2469
0.326248,D8,A2
0.340024,D8,A13
0.33151,D8,A2b
0.355003,D8,A3
0.461883,D8,Psimplex
0.143968,D15,D1.1
0.124408,D15,D1.2
0.332325,D15,G2
0.324961,D15,G2b
0.279503,D15,endoclio
0.282392,D15,spongiol
0.320192,D15,E1
0.323378,D15,voratum
0.347117,D15,microadria
0.31134,D15,pilosum
0.355131,D15,CCMP_832
0.343388,D15,CCMP_2469
0.31134,D15,A2
0.324047,D15,A13
0.316219,D15,A2b
0.337961,D15,A3
0.4413,D15,Psimplex
0.018053,D1.1,D1.2
0.279842,D1.1,G2
0.273105,D1.1,G2b
0.25592,D1.1,endoclio
0.260324,D1.1,spongiol
0.344881,D1.1,E1
0.341727,D1.1,voratum
0.283708,D1.1,microadria
0.243338,D1.1,pilosum
0.291433,D1.1,CCMP_832
0.280271,D1.1,CCMP_2469
0.238001,D1.1,A2
0.264218,D1.1,A13
0.242056,D1.1,A2b
0.273926,D1.1,A3
0.364453,D1.1,Psimplex
0.278792,D1.2,G2
0.271996,D1.2,G2b
0.258999,D1.2,endoclio
0.263434,D1.2,spongiol
0.347668,D1.2,E1
0.3445,D1.2,voratum
0.292722,D1.2,microadria
0.244821,D1.2,pilosum
0.300626,D1.2,CCMP_832
0.28923,D1.2,CCMP_2469
0.239468,D1.2,A2
0.272514,D1.2,A13
0.243532,D1.2,A2b
0.282424,D1.2,A3
0.37619,D1.2,Psimplex
0.002618,G2,G2b
0.081381,G2,endoclio
0.085186,G2,spongiol
0.403495,G2,E1
0.407125,G2,voratum
0.436647,G2,microadria
0.42161,G2,pilosum
0.456599,G2,CCMP_832
0.439984,G2,CCMP_2469
0.412823,G2,A2
0.407046,G2,A13
0.419252,G2,A2b
0.42585,G2,A3
0.546541,G2,Psimplex
0.077681,G2b,endoclio
0.081433,G2b,spongiol
0.39511,G2b,E1
0.398699,G2b,voratum
0.427178,G2b,microadria
0.412814,G2b,pilosum
0.446917,G2b,CCMP_832
0.430493,G2b,CCMP_2469
0.404195,G2b,A2
0.398391,G2b,A13
0.410506,G2b,A2b
0.416988,G2b,A3
0.5358,G2b,Psimplex
0.002632,endoclio,spongiol
0.409967,endoclio,E1
0.413651,endoclio,voratum
0.450763,endoclio,microadria
0.408338,endoclio,pilosum
0.467596,endoclio,CCMP_832
0.45406,endoclio,CCMP_2469
0.408338,endoclio,A2
0.426561,endoclio,A13
0.414594,endoclio,A2b
0.442565,endoclio,A3
0.548821,endoclio,Psimplex
0.419787,spongiol,E1
0.423532,spongiol,voratum
0.461798,spongiol,microadria
0.418044,spongiol,pilosum
0.469111,spongiol,CCMP_832
0.465131,spongiol,CCMP_2469
0.418044,spongiol,A2
0.436747,spongiol,A13
0.424452,spongiol,A2b
0.443897,spongiol,A3
0.557336,spongiol,Psimplex
0.001302,E1,voratum
0.33008,E1,microadria
0.328864,E1,pilosum
0.345026,E1,CCMP_832
0.332921,E1,CCMP_2469
0.322138,E1,A2
0.313558,E1,A13
0.327128,E1,A2b
0.321438,E1,A3
0.396723,E1,Psimplex
0.333425,voratum,microadria
0.325839,voratum,pilosum
0.34178,voratum,CCMP_832
0.336274,voratum,CCMP_2469
0.319162,voratum,A2
0.316664,voratum,A13
0.324119,voratum,A2b
0.318437,voratum,A3
0.393306,voratum,Psimplex
0.041689,microadria,pilosum
0.015362,microadria,CCMP_832
0.001356,microadria,CCMP_2469
0.041689,microadria,A2
0.001356,microadria,A13
0.043405,microadria,A2b
0.016795,microadria,A3
0.295188,microadria,Psimplex
0.042192,pilosum,CCMP_832
0.043263,pilosum,CCMP_2469
0.001306,pilosum,A2
0.043119,pilosum,A13
0.002623,pilosum,A2b
0.04363,pilosum,A3
0.302531,pilosum,Psimplex
0.016793,CCMP_832,CCMP_2469
0.042192,CCMP_832,A2
0.016793,CCMP_832,A13
0.043932,CCMP_832,A2b
0.001358,CCMP_832,A3
0.296519,CCMP_832,Psimplex
0.043263,CCMP_2469,A2
0.000001,CCMP_2469,A13
0.044991,CCMP_2469,A2b
0.018232,CCMP_2469,A3
0.291728,CCMP_2469,Psimplex
0.041316,A2,A13
0.001301,A2,A2b
0.041802,A2,A3
0.296028,A2,Psimplex
0.042956,A13,A2b
0.017457,A13,A3
0.275037,A13,Psimplex
0.043463,A2b,A3
0.30088,A2b,Psimplex
0.282219,A3,Psimplex
